{
    "saerom": {
        "appWrite": false,
        "mailDelay": false,
        "language": true,
        "voicesearch": false,
        "alarmeti": true,
        "inotes": true,
        "sso":false,
        "searchbar":true,
        "editor":"synap",
        "editor_desc":"textarea,synap,namo,tiptap = 기본값",
        "attach":"synap",
        "attach_desc":"download, sat, synap",
        "viewer":"synap",
        "viewer_desc":"origin, sat, synap",
        "mainBgColor":"#655da7",
        "borderColor":"#7c76da",
        "imageColor":"#aea9db",
        "mainBorderColor":"#817bb7",
        "btnBgColor":"#7d76e1",
        "myInfo":"#333366",
        "solidColor":"#675fa8",
        "objColor":"#9999cc",
        "iconColor":"#746ac3",
        "todayColor":"#9691e1",
        "shadowBoxColor":"#d5d2ed",
        "tome":true
    },
    "kogene": {
        "appWrite": false,
        "mailDelay": false,
        "language": false,
        "voicesearch": false,
        "alarmeti": false,
        "inotes": true,
        "sso":false,
        "searchbar":true,
        "editor":"namo",
        "attach":"download",
        "viewer":"origin",
        "mainBgColor":"#655da7",
        "borderColor":"#7c76da",
        "imageColor":"#aea9db",
        "mainBorderColor":"#817bb7",
        "btnBgColor":"#7d76e1",
        "myInfo":"#333366",
        "solidColor":"#675fa8",
        "objColor":"#9999cc",
        "iconColor":"#746ac3",
        "todayColor":"#9691e1",
        "shadowBoxColor":"#d5d2ed",
        "tome":true
    },
    "kiturami": {
        "appWrite": false,
        "mailDelay": false,
        "language": true,
        "voicesearch": false,
        "alarmeti": true,
        "inotes": false,
        "sso":false,
        "searchbar":true,
        "editor":"namo",
        "attach":"synap",
        "viewer":"synap",
        "mainBgColor":"#007AC3",
        "borderColor":"#3999d1",
        "imageColor":"#45ade9",
        "mainBorderColor":"#34779e",
        "btnBgColor":"#0ba2fa",
        "myInfo":"#19306d",
        "solidColor":"#2e6280",
        "objColor":"#6bbeee",
        "iconColor":"#038bda",
        "todayColor":"#51bfff",
        "shadowBoxColor":"#71b8e0",
        "tome":true
    },
    "pantech": {
        "appWrite": false,
        "mailDelay": true,
        "language": false,
        "voicesearch": false,
        "alarmeti": true,
        "inotes": true,
        "sso":false,
        "searchbar":true,
        "editor":"raonk",
        "attach":"download",
        "viewer":"origin",
        "mainBgColor":"#007AC3",
        "borderColor":"#3999d1",
        "imageColor":"#45ade9",
        "mainBorderColor":"#34779e",
        "btnBgColor":"#0ba2fa",
        "myInfo":"#19306d",
        "solidColor":"#2e6280",
        "objColor":"#6bbeee",
        "iconColor":"#038bda",
        "todayColor":"#51bfff",
        "shadowBoxColor":"#71b8e0",
        "tome":true
    }
}