{
    "saerom": {
        "appWrite": true,
        "mailDelay": true,
        "language": true,
        "voicesearch": true,
        "alarmeti": true,
        "inotes": true,
        "mainBgColor":"#655da7",
        "borderColor":"#7c76da",
        "imageColor":"#aea9db",
        "mainBorderColor":"#817bb7",
        "btnBgColor":"#7d76e1",
        "myInfo":"#333366",
        "solidColor":"#675fa8",
        "objColor":"#9999cc",
        "iconColor":"#746ac3",
        "todayColor":"#9691e1"
    },
    "kogene": {
        "appWrite": false,
        "mailDelay": false,
        "language": false,
        "voicesearch": false,
        "alarmeti": false,
        "inotes": true,
        "mainBgColor":"#655da7",
        "borderColor":"#7c76da",
        "imageColor":"#aea9db",
        "mainBorderColor":"#817bb7",
        "btnBgColor":"#7d76e1",
        "myInfo":"#333366",
        "solidColor":"#675fa8",
        "objColor":"#9999cc",
        "iconColor":"#746ac3",
        "todayColor":"#9691e1"

    },
    "kiturami": {
        "appWrite": false,
        "mailDelay": false,
        "language": true,
        "voicesearch": false,
        "alarmeti": true,
        "inotes": false,
        "mainBgColor":"#007AC3",
        "borderColor":"#3999d1",
        "imageColor":"#45ade9",
        "mainBorderColor":"#34779e",
        "btnBgColor":"#0ba2fa",
        "myInfo":"#19306d",
        "solidColor":"#2e6280",
        "objColor":"#6bbeee",
        "iconColor":"#038bda",
        "todayColor":"#51bfff"

    }
}